Date,Price,Open,High,Low
"May 24, 2017",8.973549842834473,8.468979835510254,9.05270004272461,8.419509887695312
"May 25, 2017",9.003230094909668,8.983449935913086,9.389089584350586,8.854829788208008
"May 26, 2017",8.825149536132812,9.003230094909668,9.250570297241211,8.78557014465332
"May 29, 2017",8.825149536132812,8.825149536132812,8.825149536132812,8.825149536132812
"May 30, 2017",9.151639938354492,9.151639938354492,9.339619636535645,9.072489738464355
"May 31, 2017",8.924079895019531,9.161529541015625,9.260470390319824,8.924079895019531
"Jun 01, 2017",9.05270004272461,9.082380294799805,9.151639938354492,8.924079895019531
"Jun 02, 2017",9.349510192871094,9.082380294799805,9.349510192871094,9.072489738464355
"Jun 05, 2017",9.567170143127441,9.260470390319824,9.567170143127441,9.211000442504883
"Jun 06, 2017",9.497920036315918,9.557279586791992,9.685890197753906,9.418769836425781
"Jun 07, 2017",9.497920036315918,9.547380447387695,9.606749534606934,9.398980140686035
"Jun 08, 2017",9.69579029083252,9.468239784240723,9.69579029083252,9.468239784240723
"Jun 09, 2017",10.042099952697754,9.745260238647461,10.071700096130371,9.735360145568848
"Jun 12, 2017",9.943129539489746,10.03219985961914,10.170700073242188,9.83430004119873
"Jun 13, 2017",10.052000045776367,9.962920188903809,10.131099700927734,9.586959838867188
"Jun 14, 2017",9.824410438537598,10.06190013885498,10.190500259399414,9.804619789123535
"Jun 15, 2017",9.824410438537598,9.824410438537598,9.824410438537598,9.824410438537598
"Jun 16, 2017",10.042099952697754,9.893659591674805,10.091500282287598,9.873869895935059
"Jun 19, 2017",10.338899612426758,10.03219985961914,10.437800407409668,9.903559684753418
"Jun 20, 2017",10.319100379943848,10.200400352478027,10.536800384521484,10.091500282287598
"Jun 21, 2017",10.477399826049805,10.348799705505371,10.497200012207031,10.309200286865234
"Jun 22, 2017",10.190500259399414,10.487299919128418,10.487299919128418,10.170700073242188
"Jun 23, 2017",9.982709884643555,10.190500259399414,10.269599914550781,9.854089736938477
"Jun 26, 2017",10.042099952697754,10.279500007629395,10.279500007629395,9.992600440979004
"Jun 27, 2017",9.903559684753418,9.953020095825195,10.03219985961914,9.883769989013672
"Jun 28, 2017",9.893659591674805,9.943129539489746,10.022299766540527,9.814510345458984
"Jun 29, 2017",9.873869895935059,9.992600440979004,10.052000045776367,9.745260238647461
"Jun 30, 2017",9.893659591674805,9.893659591674805,10.0024995803833,9.873869895935059
"Jul 03, 2017",9.537489891052246,9.933239936828613,9.933239936828613,9.537489891052246
"Jul 04, 2017",9.260470390319824,9.527600288391113,9.547380447387695,9.260470390319824
"Jul 05, 2017",9.240679740905762,9.300040245056152,9.398980140686035,9.10216999053955
"Jul 06, 2017",9.389089584350586,9.349510192871094,9.448450088500977,9.240679740905762
"Jul 07, 2017",9.398980140686035,9.389089584350586,9.478130340576172,9.389089584350586
"Jul 10, 2017",9.260470390319824,9.418769836425781,9.418769836425781,9.19120979309082
"Jul 11, 2017",9.260470390319824,9.270359992980957,9.379190444946289,9.161529541015625
"Jul 12, 2017",9.339619636535645,9.309940338134766,9.398980140686035,9.28026008605957
"Jul 13, 2017",9.646320343017578,9.329719543457031,9.685890197753906,9.329719543457031
"Jul 14, 2017",9.626529693603516,9.77493953704834,9.824410438537598,9.497920036315918
"Jul 17, 2017",9.596850395202637,9.685890197753906,9.735360145568848,9.557279586791992
"Jul 18, 2017",9.468239784240723,9.646320343017578,9.646320343017578,9.448450088500977
"Jul 19, 2017",9.537489891052246,9.537489891052246,9.626529693603516,9.329719543457031
"Jul 20, 2017",9.596850395202637,9.626529693603516,9.636429786682129,9.547380447387695
"Jul 21, 2017",9.596850395202637,9.69579029083252,9.883769989013672,9.596850395202637
"Jul 24, 2017",9.656209945678711,9.646320343017578,9.765049934387207,9.557279586791992
"Jul 25, 2017",9.675999641418457,9.725469589233398,9.814510345458984,9.586959838867188
"Jul 26, 2017",9.666110038757324,9.725469589233398,9.784830093383789,9.577070236206055
"Jul 27, 2017",9.69579029083252,9.656209945678711,9.735360145568848,9.616640090942383
"Jul 28, 2017",9.765049934387207,9.646320343017578,9.794730186462402,9.626529693603516
"Jul 31, 2017",9.804619789123535,9.794730186462402,9.844189643859863,9.675999641418457
"Aug 01, 2017",9.883769989013672,9.765049934387207,10.091500282287598,9.735360145568848
"Aug 02, 2017",9.893659591674805,9.873869895935059,10.012399673461914,9.765049934387207
"Aug 03, 2017",9.893659591674805,9.903559684753418,10.091500282287598,9.844189643859863
"Aug 04, 2017",9.92333984375,9.893659591674805,9.972809791564941,9.844189643859863
"Aug 07, 2017",10.368599891662598,10.190500259399414,10.437800407409668,10.190500259399414
"Aug 08, 2017",10.526900291442871,10.398200035095215,10.734600067138672,10.388299942016602
"Aug 09, 2017",9.349510192871094,9.745260238647461,9.863980293273926,9.220890045166016
"Aug 10, 2017",8.805359840393066,9.398980140686035,9.398980140686035,8.805359840393066
"Aug 11, 2017",8.656949996948242,8.854829788208008,9.121959686279297,8.597590446472168
"Aug 14, 2017",8.914190292358398,8.805359840393066,8.96366024017334,8.597590446472168
"Aug 15, 2017",8.933979988098145,8.993339538574219,9.10216999053955,8.90429973602295
"Aug 16, 2017",9.003230094909668,9.003230094909668,9.10216999053955,8.924079895019531
"Aug 17, 2017",9.05270004272461,9.05270004272461,9.141739845275879,8.924079895019531
"Aug 18, 2017",8.993339538574219,9.10216999053955,9.121959686279297,8.933979988098145
"Aug 21, 2017",8.815250396728516,8.993339538574219,9.05270004272461,8.815250396728516
"Aug 22, 2017",8.78557014465332,8.835040092468262,8.90429973602295,8.72620964050293
"Aug 23, 2017",8.666850090026855,8.805359840393066,8.805359840393066,8.656949996948242
"Aug 24, 2017",9.003230094909668,8.666850090026855,9.05270004272461,8.666850090026855
"Aug 25, 2017",9.072489738464355,9.05270004272461,9.240679740905762,9.042810440063477
"Aug 28, 2017",9.398980140686035,9.141739845275879,9.398980140686035,8.924079895019531
"Aug 29, 2017",9.300040245056152,9.36929988861084,9.398980140686035,9.260470390319824
"Aug 30, 2017",9.36929988861084,9.339619636535645,9.398980140686035,9.151639938354492
"Aug 31, 2017",9.389089584350586,9.319829940795898,9.438549995422363,9.290149688720703
"Sep 01, 2017",9.567170143127441,9.438549995422363,9.646320343017578,9.398980140686035
"Sep 04, 2017",9.201109886169434,9.497920036315918,9.547380447387695,9.201109886169434
"Sep 05, 2017",9.240679740905762,9.309940338134766,9.36929988861084,8.993339538574219
"Sep 06, 2017",9.151639938354492,9.28026008605957,9.349510192871094,9.141739845275879
"Sep 07, 2017",9.151639938354492,9.151639938354492,9.151639938354492,9.151639938354492
"Sep 08, 2017",9.201109886169434,9.211000442504883,9.250570297241211,9.092280387878418
"Sep 11, 2017",9.211000442504883,9.201109886169434,9.319829940795898,9.151639938354492
"Sep 12, 2017",9.171420097351074,9.220890045166016,9.250570297241211,9.141739845275879
"Sep 13, 2017",9.151639938354492,9.181320190429688,9.230790138244629,9.151639938354492
"Sep 14, 2017",9.468239784240723,9.151639938354492,9.497920036315918,9.013130187988281
"Sep 15, 2017",9.626529693603516,9.537489891052246,9.804619789123535,9.398980140686035
"Sep 18, 2017",9.606749534606934,9.735360145568848,9.735360145568848,9.596850395202637
"Sep 19, 2017",9.42866039276123,9.616640090942383,9.616640090942383,9.270359992980957
"Sep 20, 2017",9.240679740905762,9.497920036315918,9.497920036315918,9.112059593200684
"Sep 21, 2017",8.973549842834473,9.260470390319824,9.260470390319824,8.87460994720459
"Sep 22, 2017",8.854829788208008,9.023019790649414,9.023019790649414,8.854829788208008
"Sep 25, 2017",8.63716983795166,8.864720344543457,8.96366024017334,8.627269744873047
"Sep 26, 2017",8.69653034210205,8.755889892578125,8.943869590759277,8.63716983795166
"Sep 27, 2017",8.45907974243164,8.736100196838379,8.825149536132812,8.439290046691895
"Sep 28, 2017",8.360139846801758,8.558019638061523,8.558019638061523,8.340359687805176
"Sep 29, 2017",8.290889739990234,8.449190139770508,8.518440246582031,8.221630096435547
"Oct 02, 2017",8.261210441589355,8.330459594726562,8.49866008758545,8.182060241699219
"Oct 03, 2017",8.271100044250488,8.271100044250488,8.439290046691895,8.251310348510742
"Oct 04, 2017",8.211739540100098,8.32056999206543,8.389829635620117,8.211739540100098
"Oct 05, 2017",8.419509887695312,8.23153018951416,8.45907974243164,8.172160148620605
"Oct 06, 2017",8.558019638061523,8.45907974243164,8.617380142211914,8.310680389404297
"Oct 09, 2017",8.508549690246582,8.607489585876465,8.69653034210205,8.45907974243164
"Oct 10, 2017",8.310680389404297,8.518440246582031,8.577799797058105,8.271100044250488
"Oct 11, 2017",8.281000137329102,8.300780296325684,8.379929542541504,8.211739540100098
"Oct 12, 2017",8.281000137329102,8.281000137329102,8.281000137329102,8.281000137329102
"Oct 13, 2017",8.043549537658691,8.340359687805176,8.340359687805176,7.994080066680908
"Oct 16, 2017",7.964399814605713,8.043549537658691,8.063340187072754,7.766520023345947
"Oct 17, 2017",8.09302043914795,7.944610118865967,8.201849937438965,7.934720039367676
"Oct 18, 2017",8.211739540100098,8.172160148620605,8.310680389404297,8.102910041809082
"Oct 19, 2017",8.112799644470215,8.211739540100098,8.211739540100098,7.994080066680908
"Oct 20, 2017",8.112799644470215,8.162269592285156,8.201849937438965,8.063340187072754
"Oct 23, 2017",8.033650398254395,8.102910041809082,8.172160148620605,8.033650398254395
"Oct 24, 2017",8.261210441589355,8.043549537658691,8.290889739990234,8.033650398254395
"Oct 25, 2017",8.310680389404297,8.290889739990234,8.478870391845703,8.201849937438965
"Oct 26, 2017",8.370039939880371,8.370039939880371,8.429400444030762,8.261210441589355
"Oct 27, 2017",8.211739540100098,8.330459594726562,8.370039939880371,8.132590293884277
"Oct 30, 2017",8.102910041809082,8.211739540100098,8.310680389404297,7.9149298667907715
"Oct 31, 2017",8.112799644470215,8.14247989654541,8.172160148620605,8.05344009399414
"Nov 01, 2017",7.964399814605713,8.211739540100098,8.211739540100098,7.964399814605713
"Nov 02, 2017",7.964399814605713,7.964399814605713,7.964399814605713,7.964399814605713
"Nov 03, 2017",8.013870239257812,8.063340187072754,8.063340187072754,7.9248199462890625
"Nov 06, 2017",8.073229789733887,8.013870239257812,8.132590293884277,7.964399814605713
"Nov 07, 2017",8.013870239257812,8.063340187072754,8.162269592285156,7.637909889221191
"Nov 08, 2017",7.944610118865967,8.013870239257812,8.102910041809082,7.786310195922852
"Nov 09, 2017",7.618120193481445,8.162269592285156,8.251310348510742,7.618120193481445
"Nov 10, 2017",7.2817301750183105,7.657690048217773,7.657690048217773,7.2817301750183105
"Nov 13, 2017",7.024499893188477,7.370779991149902,7.370779991149902,6.905779838562012
"Nov 14, 2017",7.064070224761963,7.113540172576904,7.350989818572998,7.044290065765381
"Nov 15, 2017",7.064070224761963,7.064070224761963,7.064070224761963,7.064070224761963
"Nov 16, 2017",7.143219947814941,7.163010120391846,7.242159843444824,7.083859920501709
"Nov 17, 2017",7.083859920501709,7.143219947814941,7.252049922943115,7.083859920501709
"Nov 20, 2017",7.083859920501709,7.083859920501709,7.083859920501709,7.083859920501709
"Nov 21, 2017",7.103650093078613,7.192689895629883,7.2619500160217285,7.093760013580322
"Nov 22, 2017",7.123439788818359,7.172900199890137,7.172900199890137,6.925559997558594
"Nov 23, 2017",7.103650093078613,7.123439788818359,7.13332986831665,7.034389972686768
"Nov 24, 2017",7.301519870758057,7.123439788818359,7.4103498458862305,7.093760013580322
"Nov 27, 2017",7.212480068206787,7.390570163726807,7.390570163726807,7.212480068206787
"Nov 28, 2017",7.202589988708496,7.301519870758057,7.301519870758057,7.073969841003418
"Nov 29, 2017",7.093760013580322,7.242159843444824,7.2817301750183105,7.024499893188477
"Nov 30, 2017",6.846409797668457,7.073969841003418,7.073969841003418,6.72769021987915
"Dec 01, 2017",7.064070224761963,6.866199970245361,7.2619500160217285,6.678219795227051
"Dec 04, 2017",6.945350170135498,7.103650093078613,7.172900199890137,6.935460090637207
"Dec 05, 2017",6.826630115509033,6.9948201179504395,7.093760013580322,6.7672600746154785
"Dec 06, 2017",6.717800140380859,6.836520195007324,6.915669918060303,6.678219795227051
"Dec 07, 2017",6.480350017547607,6.698009967803955,6.698009967803955,6.450669765472412
"Dec 08, 2017",6.391310214996338,6.549600124359131,6.549600124359131,6.26269006729126
"Dec 11, 2017",6.490240097045898,6.500140190124512,6.717800140380859,6.450669765472412
"Dec 12, 2017",6.480350017547607,6.490240097045898,6.500140190124512,6.282470226287842
"Dec 13, 2017",6.460559844970703,6.5199198722839355,6.618859767913818,6.430880069732666
"Dec 14, 2017",6.866199970245361,6.490240097045898,6.925559997558594,6.490240097045898
"Dec 15, 2017",7.024499893188477,6.885990142822266,7.103650093078613,6.866199970245361
"Dec 18, 2017",6.806839942932129,7.123439788818359,7.143219947814941,6.806839942932129
"Dec 19, 2017",6.698009967803955,6.806839942932129,6.85630989074707,6.678219795227051
"Dec 20, 2017",6.698009967803955,6.7474799156188965,6.836520195007324,6.569389820098877
"Dec 21, 2017",6.826630115509033,6.806839942932129,6.836520195007324,6.658430099487305
"Dec 22, 2017",6.955249786376953,6.846409797668457,6.955249786376953,6.777160167694092
"Dec 25, 2017",6.955249786376953,6.955249786376953,6.955249786376953,6.955249786376953
"Dec 26, 2017",7.024499893188477,6.955249786376953,7.093760013580322,6.915669918060303
"Dec 27, 2017",7.103650093078613,7.073969841003418,7.212480068206787,7.054180145263672
"Dec 28, 2017",6.975029945373535,7.153120040893555,7.202589988708496,6.975029945373535
"Dec 29, 2017",6.975029945373535,6.975029945373535,6.975029945373535,6.975029945373535
"Jan 02, 2018",7.2718400955200195,6.975029945373535,7.321310043334961,6.935460090637207
"Jan 03, 2018",7.449930191040039,7.2817301750183105,7.598330020904541,7.2817301750183105
"Jan 04, 2018",7.667590141296387,7.578549861907959,7.835780143737793,7.519179821014404
"Jan 05, 2018",7.845670223236084,7.707159996032715,7.9149298667907715,7.618120193481445
"Jan 08, 2018",7.628009796142578,7.86545991897583,7.86545991897583,7.578549861907959
"Jan 09, 2018",7.489500045776367,7.628009796142578,7.726950168609619,7.479609966278076
"Jan 10, 2018",7.529079914093018,7.469719886779785,7.529079914093018,7.222370147705078
"Jan 11, 2018",7.736839771270752,7.558760166168213,7.756629943847656,7.558760166168213
"Jan 12, 2018",7.58843994140625,7.647799968719482,7.786310195922852,7.430140018463135
"Jan 15, 2018",7.697269916534424,7.726950168609619,7.726950168609619,7.628009796142578
"Jan 16, 2018",7.717060089111328,7.756629943847656,7.815989971160889,7.628009796142578
"Jan 17, 2018",7.726950168609619,7.746739864349365,7.756629943847656,7.598330020904541
"Jan 18, 2018",7.578549861907959,7.667590141296387,7.717060089111328,7.5092902183532715
"Jan 19, 2018",7.529079914093018,7.628009796142578,7.647799968719482,7.489500045776367
"Jan 22, 2018",7.469719886779785,7.4994001388549805,7.58843994140625,7.350989818572998
"Jan 23, 2018",7.212480068206787,7.459819793701172,7.459819793701172,7.143219947814941
"Jan 24, 2018",7.4004597663879395,7.232269763946533,7.4004597663879395,7.222370147705078
"Jan 25, 2018",7.4004597663879395,7.4004597663879395,7.4004597663879395,7.4004597663879395
"Jan 26, 2018",7.608230113983154,7.449930191040039,7.667590141296387,7.440030097961426
"Jan 29, 2018",8.261210441589355,7.756629943847656,8.261210441589355,7.756629943847656
"Jan 30, 2018",8.112799644470215,8.290889739990234,8.4096097946167,8.112799644470215
"Jan 31, 2018",8.191949844360352,8.201849937438965,8.360139846801758,8.162269592285156
"Feb 01, 2018",8.023759841918945,8.162269592285156,8.191949844360352,8.013870239257812
"Feb 02, 2018",8.083120346069336,8.013870239257812,8.083120346069336,7.845670223236084
"Feb 05, 2018",7.746739864349365,8.063340187072754,8.063340187072754,7.746739864349365
"Feb 06, 2018",7.736839771270752,7.657690048217773,7.934720039367676,7.469719886779785
"Feb 07, 2018",7.786310195922852,7.7764201164245605,7.954500198364258,7.736839771270752
"Feb 08, 2018",7.667590141296387,7.746739864349365,7.9149298667907715,7.5488600730896
"Feb 09, 2018",7.618120193481445,7.657690048217773,7.726950168609619,7.479609966278076
"Feb 15, 2018",8.05344009399414,7.845670223236084,8.05344009399414,7.736839771270752
"Feb 16, 2018",7.934720039367676,8.083120346069336,8.14247989654541,7.875349998474121
"Feb 19, 2018",7.954500198364258,7.994080066680908,8.073229789733887,7.954500198364258
"Feb 20, 2018",7.934720039367676,7.934720039367676,7.944610118865967,7.835780143737793
"Feb 21, 2018",8.063340187072754,7.944610118865967,8.112799644470215,7.934720039367676
"Feb 22, 2018",8.132590293884277,8.102910041809082,8.290889739990234,8.043549537658691
"Feb 23, 2018",7.984189987182617,8.14247989654541,8.182060241699219,7.934720039367676
"Feb 26, 2018",7.964399814605713,8.073229789733887,8.09302043914795,7.86545991897583
"Feb 27, 2018",7.815989971160889,7.964399814605713,7.994080066680908,7.726950168609619
"Feb 28, 2018",7.538969993591309,7.825890064239502,7.825890064239502,7.529079914093018
"Mar 01, 2018",7.855569839477539,7.628009796142578,7.855569839477539,7.558760166168213
"Mar 02, 2018",7.994080066680908,7.717060089111328,7.994080066680908,7.677480220794678
"Mar 05, 2018",7.786310195922852,7.994080066680908,7.994080066680908,7.766520023345947
"Mar 06, 2018",7.647799968719482,7.835780143737793,7.855569839477539,7.598330020904541
"Mar 07, 2018",7.598330020904541,7.657690048217773,7.687379837036133,7.390570163726807
"Mar 08, 2018",7.5488600730896,7.529079914093018,7.697269916534424,7.469719886779785
"Mar 09, 2018",7.707159996032715,7.558760166168213,7.717060089111328,7.519179821014404
"Mar 12, 2018",7.786310195922852,7.726950168609619,7.815989971160889,7.687379837036133
"Mar 13, 2018",7.796209812164307,7.806099891662598,7.855569839477539,7.746739864349365
"Mar 14, 2018",7.835780143737793,7.806099891662598,7.885250091552734,7.766520023345947
"Mar 15, 2018",7.825890064239502,7.796209812164307,7.885250091552734,7.726950168609619
"Mar 16, 2018",7.806099891662598,7.806099891662598,7.815989971160889,7.667590141296387
"Mar 19, 2018",7.519179821014404,7.806099891662598,7.825890064239502,7.519179821014404
"Mar 20, 2018",7.647799968719482,7.558760166168213,7.746739864349365,7.519179821014404
"Mar 21, 2018",7.350989818572998,7.9149298667907715,7.974289894104004,7.321310043334961
"Mar 22, 2018",7.222370147705078,7.360889911651611,7.459819793701172,7.182799816131592
"Mar 23, 2018",6.935460090637207,7.2718400955200195,7.291629791259766,6.876090049743652
"Mar 26, 2018",7.0146098136901855,6.955249786376953,7.083859920501709,6.955249786376953
"Mar 27, 2018",6.895880222320557,7.024499893188477,7.073969841003418,6.895880222320557
"Mar 28, 2018",7.054180145263672,6.935460090637207,7.054180145263672,6.72769021987915
"Mar 29, 2018",7.13332986831665,7.073969841003418,7.172900199890137,7.064070224761963
"Apr 02, 2018",7.024499893188477,7.083859920501709,7.192689895629883,6.975029945373535
"Apr 03, 2018",7.232269763946533,7.103650093078613,7.252049922943115,7.083859920501709
"Apr 04, 2018",7.390570163726807,7.163010120391846,7.440030097961426,7.064070224761963
"Apr 05, 2018",7.618120193481445,7.519179821014404,7.618120193481445,7.430140018463135
"Apr 06, 2018",7.717060089111328,7.618120193481445,7.766520023345947,7.5488600730896
"Apr 09, 2018",7.766520023345947,7.717060089111328,7.86545991897583,7.717060089111328
"Apr 10, 2018",7.766520023345947,7.855569839477539,7.895140171051025,7.677480220794678
"Apr 11, 2018",7.825890064239502,7.717060089111328,7.875349998474121,7.707159996032715
"Apr 12, 2018",7.86545991897583,7.815989971160889,7.885250091552734,7.796209812164307
"Apr 13, 2018",7.815989971160889,7.855569839477539,7.86545991897583,7.756629943847656
"Apr 16, 2018",8.063340187072754,7.835780143737793,8.063340187072754,7.766520023345947
"Apr 17, 2018",8.112799644470215,8.09302043914795,8.211739540100098,7.9050397872924805
"Apr 18, 2018",8.221630096435547,8.14247989654541,8.300780296325684,8.122699737548828
"Apr 19, 2018",8.261210441589355,8.211739540100098,8.300780296325684,8.152379989624023
"Apr 20, 2018",8.162269592285156,8.201849937438965,8.251310348510742,8.102910041809082
"Apr 23, 2018",8.261210441589355,8.112799644470215,8.360139846801758,8.112799644470215
"Apr 24, 2018",8.449190139770508,8.221630096435547,8.45907974243164,8.221630096435547
"Apr 25, 2018",8.23153018951416,8.439290046691895,8.538229942321777,8.132590293884277
"Apr 26, 2018",8.14247989654541,8.300780296325684,8.300780296325684,8.063340187072754
"Apr 27, 2018",7.9149298667907715,8.102910041809082,8.201849937438965,7.9149298667907715
"Apr 30, 2018",7.964399814605713,7.954500198364258,7.994080066680908,7.806099891662598
"May 02, 2018",7.796209812164307,7.9149298667907715,8.09302043914795,7.667590141296387
"May 03, 2018",7.9149298667907715,7.796209812164307,7.984189987182617,7.736839771270752
"May 04, 2018",7.717060089111328,7.855569839477539,7.895140171051025,7.717060089111328
"May 07, 2018",7.86545991897583,7.687379837036133,7.86545991897583,7.687379837036133
"May 08, 2018",8.300780296325684,7.9149298667907715,8.300780296325684,7.815989971160889
"May 09, 2018",8.281000137329102,8.310680389404297,8.45907974243164,8.122699737548828
"May 10, 2018",8.4096097946167,8.508549690246582,8.666850090026855,8.083120346069336
"May 11, 2018",8.09302043914795,8.419509887695312,8.449190139770508,7.86545991897583
"May 14, 2018",7.9149298667907715,8.112799644470215,8.122699737548828,7.707159996032715
"May 15, 2018",7.736839771270752,7.895140171051025,7.895140171051025,7.4994001388549805
"May 16, 2018",7.815989971160889,7.717060089111328,7.895140171051025,7.647799968719482
"May 17, 2018",7.568649768829346,7.677480220794678,7.9050397872924805,7.538969993591309
"May 18, 2018",7.608230113983154,7.568649768829346,7.608230113983154,7.2817301750183105
"May 21, 2018",7.667590141296387,7.717060089111328,7.786310195922852,7.5488600730896
"May 22, 2018",7.815989971160889,7.717060089111328,7.9050397872924805,7.519179821014404
"May 23, 2018",7.568649768829346,7.687379837036133,7.717060089111328,7.529079914093018
"May 24, 2018",7.469719886779785,7.430140018463135,7.568649768829346,7.370779991149902
"May 25, 2018",7.222370147705078,7.459819793701172,7.538969993591309,7.222370147705078
"May 28, 2018",6.806839942932129,7.222370147705078,7.222370147705078,6.777160167694092
"May 29, 2018",6.915669918060303,6.915669918060303,7.073969841003418,6.876090049743652
"May 30, 2018",6.846409797668457,6.965139865875244,6.9948201179504395,6.846409797668457
"Jun 01, 2018",7.252049922943115,6.925559997558594,7.2718400955200195,6.895880222320557
"Jun 04, 2018",7.222370147705078,7.370779991149902,7.469719886779785,7.113540172576904
"Jun 05, 2018",7.0146098136901855,7.222370147705078,7.2817301750183105,6.975029945373535
"Jun 06, 2018",6.628749847412109,7.0047101974487305,7.024499893188477,6.57928991317749
"Jun 07, 2018",6.26269006729126,6.628749847412109,6.628749847412109,6.1142802238464355
"Jun 08, 2018",6.064819812774658,6.322050094604492,6.401199817657471,5.98567008972168
"Jun 11, 2018",6.1142802238464355,6.143959999084473,6.193429946899414,5.946090221405029
"Jun 12, 2018",5.926300048828125,6.124179840087891,6.124179840087891,5.8273701667785645
"Jun 13, 2018",5.936200141906738,5.926300048828125,5.965879917144775,5.708640098571777
"Jun 14, 2018",5.89661979675293,5.995560169219971,6.054920196533203,5.886730194091797
"Jun 15, 2018",5.688859939575195,5.906519889831543,5.936200141906738,5.540450096130371
"Jun 18, 2018",5.451409816741943,5.639389991760254,5.639389991760254,5.382150173187256
"Jun 19, 2018",5.540450096130371,5.3425798416137695,5.659170150756836,5.322790145874023
"Jun 20, 2018",5.441510200500488,5.669069766998291,5.678959846496582,5.441510200500488
"Jun 21, 2018",5.411829948425293,5.421730041503906,5.500879764556885,5.322790145874023
"Jun 22, 2018",5.441510200500488,5.441510200500488,5.500879764556885,5.382150173187256
"Jun 25, 2018",5.520659923553467,5.461299896240234,5.570129871368408,5.461299896240234
"Jun 26, 2018",5.441510200500488,5.520659923553467,5.5899200439453125,5.431620121002197
"Jun 27, 2018",5.698750019073486,5.471199989318848,5.698750019073486,5.461299896240234
"Jun 28, 2018",5.431620121002197,5.708640098571777,5.758110046386719,5.431620121002197
"Jun 29, 2018",5.3425798416137695,5.481090068817139,5.520659923553467,5.3425798416137695
"Jul 02, 2018",5.124919891357422,5.3326802253723145,5.362360000610352,5.0655598640441895
"Jul 03, 2018",5.184279918670654,5.204070091247559,5.243639945983887,5.134809970855713
"Jul 04, 2018",5.154600143432617,5.223849773406982,5.283219814300537,5.144700050354004
"Jul 05, 2018",4.986410140991211,5.174389839172363,5.243639945983887,4.966619968414307
"Jul 06, 2018",5.03587007522583,4.996300220489502,5.154600143432617,4.897359848022461
"Jul 10, 2018",5.045770168304443,5.124919891357422,5.164490222930908,5.03587007522583
"Jul 11, 2018",5.006189823150635,5.045770168304443,5.055659770965576,4.976510047912598
"Jul 12, 2018",5.194169998168945,5.03587007522583,5.283219814300537,5.025979995727539
"Jul 13, 2018",5.431620121002197,5.243639945983887,5.53056001663208,5.21396017074585
"Jul 16, 2018",5.461299896240234,5.481090068817139,5.520659923553467,5.362360000610352
"Jul 17, 2018",5.639389991760254,5.481090068817139,5.639389991760254,5.421730041503906
"Jul 18, 2018",5.481090068817139,5.708640098571777,5.817470073699951,5.382150173187256
"Jul 19, 2018",5.3425798416137695,5.471199989318848,5.540450096130371,5.312900066375732
"Jul 20, 2018",5.7383198738098145,5.471199989318848,5.787789821624756,5.471199989318848
"Jul 23, 2018",6.074709892272949,5.7383198738098145,6.08459997177124,5.7383198738098145
"Jul 24, 2018",6.015349864959717,6.143959999084473,6.203330039978027,5.98567008972168
"Jul 25, 2018",5.946090221405029,6.025239944458008,6.08459997177124,5.906519889831543
"Jul 26, 2018",5.936200141906738,5.975769996643066,6.08459997177124,5.797689914703369
"Jul 27, 2018",6.143959999084473,5.975769996643066,6.193429946899414,5.975769996643066
"Jul 30, 2018",5.98567008972168,6.2330098152160645,6.282470226287842,5.98567008972168
"Jul 31, 2018",5.748219966888428,6.0054497718811035,6.045030117034912,5.678959846496582
"Aug 01, 2018",6.0054497718811035,5.777900218963623,6.025239944458008,5.550340175628662
"Aug 02, 2018",5.98567008972168,5.98567008972168,6.1043901443481445,5.876830101013184
"Aug 03, 2018",5.965879917144775,6.054920196533203,6.08459997177124,5.965879917144775
"Aug 06, 2018",5.98567008972168,5.965879917144775,6.064819812774658,5.89661979675293
"Aug 07, 2018",6.054920196533203,6.0054497718811035,6.074709892272949,5.965879917144775
"Aug 08, 2018",6.1142802238464355,6.054920196533203,6.163750171661377,6.045030117034912
"Aug 09, 2018",6.599070072174072,6.282470226287842,6.618859767913818,6.213220119476318
"Aug 10, 2018",6.6089701652526855,6.6089701652526855,6.717800140380859,6.341839790344238
"Aug 13, 2018",6.529819965362549,6.6089701652526855,6.618859767913818,6.480350017547607
"Aug 14, 2018",6.529819965362549,6.53971004486084,6.658430099487305,6.450669765472412
"Aug 15, 2018",6.490240097045898,6.480350017547607,6.559500217437744,6.391310214996338
"Aug 16, 2018",6.411089897155762,6.549600124359131,6.599070072174072,6.391310214996338
"Aug 17, 2018",6.183539867401123,6.381410121917725,6.381410121917725,6.153860092163086
"Aug 20, 2018",6.183539867401123,6.203330039978027,6.282470226287842,6.1043901443481445
"Aug 21, 2018",6.0054497718811035,6.193429946899414,6.193429946899414,5.946090221405029
"Aug 22, 2018",6.064819812774658,5.975769996643066,6.0945000648498535,5.936200141906738
"Aug 23, 2018",5.975769996643066,6.0945000648498535,6.173649787902832,5.975769996643066
"Aug 24, 2018",5.975769996643066,6.045030117034912,6.064819812774658,5.857049942016602
"Aug 27, 2018",6.203330039978027,5.936200141906738,6.223110198974609,5.936200141906738
"Aug 28, 2018",5.98567008972168,6.203330039978027,6.2527899742126465,5.975769996643066
"Aug 29, 2018",6.035130023956299,6.025239944458008,6.143959999084473,6.0054497718811035
"Aug 30, 2018",5.866940021514893,6.035130023956299,6.035130023956299,5.817470073699951
"Aug 31, 2018",5.955989837646484,6.0945000648498535,6.1142802238464355,5.946090221405029
"Sep 03, 2018",6.025239944458008,5.955989837646484,6.183539867401123,5.906519889831543
"Sep 04, 2018",5.876830101013184,6.054920196533203,6.08459997177124,5.876830101013184
"Sep 05, 2018",5.946090221405029,5.89661979675293,6.045030117034912,5.857049942016602
"Sep 06, 2018",5.955989837646484,5.965879917144775,6.015349864959717,5.866940021514893
"Sep 10, 2018",6.025239944458008,5.98567008972168,6.08459997177124,5.975769996643066
"Sep 11, 2018",5.906519889831543,5.98567008972168,6.054920196533203,5.857049942016602
"Sep 12, 2018",5.936200141906738,5.955989837646484,5.995560169219971,5.857049942016602
"Sep 13, 2018",5.61959981918335,5.965879917144775,5.965879917144775,5.5998101234436035
"Sep 14, 2018",5.629489898681641,5.5998101234436035,5.659170150756836,5.461299896240234
"Sep 17, 2018",5.876830101013184,5.669069766998291,5.876830101013184,5.609710216522217
"Sep 18, 2018",6.173649787902832,5.876830101013184,6.183539867401123,5.80757999420166
"Sep 19, 2018",5.98567008972168,6.134069919586182,6.163750171661377,5.98567008972168
"Sep 20, 2018",6.074709892272949,6.035130023956299,6.124179840087891,6.0054497718811035
"Sep 21, 2018",6.223110198974609,6.1142802238464355,6.223110198974609,6.025239944458008
"Sep 24, 2018",6.1043901443481445,6.183539867401123,6.322050094604492,6.054920196533203
"Sep 25, 2018",5.936200141906738,6.035130023956299,6.035130023956299,5.876830101013184
"Sep 26, 2018",5.7383198738098145,5.955989837646484,6.0054497718811035,5.7383198738098145
"Sep 27, 2018",5.886730194091797,5.777900218963623,5.886730194091797,5.758110046386719
"Sep 28, 2018",5.797689914703369,5.80757999420166,5.936200141906738,5.787789821624756
"Oct 01, 2018",5.837259769439697,5.80757999420166,5.906519889831543,5.748219966888428
"Oct 02, 2018",5.995560169219971,5.946090221405029,6.035130023956299,5.926300048828125
"Oct 03, 2018",6.430880069732666,6.064819812774658,6.648540019989014,6.064819812774658
"Oct 04, 2018",6.391310214996338,6.381410121917725,6.6089701652526855,6.2527899742126465
"Oct 05, 2018",6.351729869842529,6.450669765472412,6.53971004486084,6.26269006729126
"Oct 08, 2018",6.549600124359131,6.638649940490723,6.737579822540283,6.440770149230957
"Oct 09, 2018",6.6089701652526855,6.549600124359131,6.658430099487305,6.490240097045898
"Oct 10, 2018",6.391310214996338,6.599070072174072,6.599070072174072,6.322050094604492
"Oct 11, 2018",6.361629962921143,6.490240097045898,6.5100297927856445,6.272580146789551
"Oct 15, 2018",6.707900047302246,6.53971004486084,6.925559997558594,6.5100297927856445
"Oct 16, 2018",7.064070224761963,6.826630115509033,7.073969841003418,6.787049770355225
"Oct 17, 2018",7.024499893188477,7.073969841003418,7.212480068206787,6.846409797668457
"Oct 18, 2018",7.073969841003418,7.0146098136901855,7.192689895629883,6.984930038452148
"Oct 19, 2018",7.073969841003418,7.113540172576904,7.252049922943115,7.0047101974487305
"Oct 22, 2018",7.301519870758057,7.123439788818359,7.301519870758057,7.123439788818359
"Oct 23, 2018",7.380670070648193,7.2718400955200195,7.420249938964844,7.103650093078613
"Oct 24, 2018",7.321310043334961,7.380670070648193,7.420249938964844,7.13332986831665
"Oct 25, 2018",7.212480068206787,7.370779991149902,7.430140018463135,7.024499893188477
"Oct 26, 2018",7.370779991149902,7.143219947814941,7.4103498458862305,7.054180145263672
"Oct 29, 2018",7.370779991149902,7.370779991149902,7.370779991149902,7.370779991149902
"Oct 30, 2018",7.855569839477539,7.182799816131592,7.855569839477539,7.172900199890137
"Oct 31, 2018",7.806099891662598,7.806099891662598,7.845670223236084,7.578549861907959
"Nov 01, 2018",7.895140171051025,7.855569839477539,8.112799644470215,7.726950168609619
"Nov 05, 2018",7.934720039367676,7.934720039367676,8.013870239257812,7.835780143737793
"Nov 06, 2018",7.855569839477539,7.895140171051025,8.073229789733887,7.7764201164245605
"Nov 07, 2018",7.786310195922852,7.895140171051025,7.964399814605713,7.677480220794678
"Nov 08, 2018",7.895140171051025,8.09302043914795,8.09302043914795,7.796209812164307
"Nov 09, 2018",7.657690048217773,7.934720039367676,7.974289894104004,7.529079914093018
"Nov 12, 2018",7.697269916534424,7.707159996032715,7.845670223236084,7.578549861907959
"Nov 13, 2018",7.756629943847656,7.717060089111328,7.954500198364258,7.647799968719482
"Nov 14, 2018",7.766520023345947,7.756629943847656,7.835780143737793,7.628009796142578
"Nov 16, 2018",8.122699737548828,7.786310195922852,8.162269592285156,7.786310195922852
"Nov 19, 2018",8.162269592285156,8.102910041809082,8.182060241699219,7.964399814605713
"Nov 21, 2018",7.895140171051025,8.112799644470215,8.112799644470215,7.885250091552734
"Nov 22, 2018",7.944610118865967,7.974289894104004,8.112799644470215,7.885250091552734
"Nov 23, 2018",7.895140171051025,7.944610118865967,7.964399814605713,7.766520023345947
"Nov 26, 2018",7.895140171051025,8.083120346069336,8.182060241699219,7.786310195922852
"Nov 27, 2018",7.9149298667907715,7.9149298667907715,7.994080066680908,7.697269916534424
"Nov 28, 2018",7.875349998474121,7.9248199462890625,7.974289894104004,7.815989971160889
"Nov 29, 2018",7.944610118865967,7.835780143737793,8.013870239257812,7.835780143737793
"Nov 30, 2018",7.9149298667907715,7.895140171051025,8.013870239257812,7.835780143737793
"Dec 03, 2018",7.815989971160889,7.964399814605713,8.083120346069336,7.815989971160889
"Dec 04, 2018",7.766520023345947,7.835780143737793,8.043549537658691,7.707159996032715
"Dec 05, 2018",7.786310195922852,7.835780143737793,7.9149298667907715,7.7764201164245605
"Dec 06, 2018",7.697269916534424,7.726950168609619,7.835780143737793,7.628009796142578
"Dec 07, 2018",7.341100215911865,7.726950168609619,7.756629943847656,7.331200122833252
"Dec 10, 2018",7.163010120391846,7.341100215911865,7.4004597663879395,6.915669918060303
"Dec 11, 2018",7.192689895629883,7.182799816131592,7.360889911651611,7.044290065765381
"Dec 12, 2018",7.4994001388549805,7.232269763946533,7.5092902183532715,7.232269763946533
"Dec 13, 2018",7.538969993591309,7.4994001388549805,7.608230113983154,7.449930191040039
"Dec 14, 2018",7.717060089111328,7.578549861907959,7.825890064239502,7.489500045776367
"Dec 17, 2018",7.687379837036133,7.835780143737793,7.86545991897583,7.667590141296387
"Dec 18, 2018",7.796209812164307,7.806099891662598,7.855569839477539,7.736839771270752
"Dec 19, 2018",7.875349998474121,7.845670223236084,7.974289894104004,7.806099891662598
"Dec 20, 2018",7.9149298667907715,7.9050397872924805,7.944610118865967,7.746739864349365
"Dec 21, 2018",7.944610118865967,7.815989971160889,7.994080066680908,7.766520023345947
"Dec 26, 2018",8.172160148620605,7.934720039367676,8.201849937438965,7.766520023345947
"Dec 27, 2018",8.399720191955566,8.112799644470215,8.399720191955566,8.043549537658691
"Dec 28, 2018",8.508549690246582,8.449190139770508,8.597590446472168,8.340359687805176
"Jan 02, 2019",8.953760147094727,8.508549690246582,8.953760147094727,8.429400444030762
"Jan 03, 2019",9.201109886169434,8.953760147094727,9.201109886169434,8.815250396728516
"Jan 04, 2019",8.983449935913086,9.201109886169434,9.201109886169434,8.835040092468262
"Jan 07, 2019",8.993339538574219,9.003230094909668,9.10216999053955,8.746000289916992
"Jan 08, 2019",8.87460994720459,9.003230094909668,9.013130187988281,8.72620964050293
"Jan 09, 2019",9.072489738464355,8.914190292358398,9.082380294799805,8.864720344543457
"Jan 10, 2019",9.023019790649414,9.092280387878418,9.141739845275879,8.983449935913086
"Jan 11, 2019",9.230790138244629,9.05270004272461,9.319829940795898,9.023019790649414
"Jan 14, 2019",9.300040245056152,9.240679740905762,9.398980140686035,9.181320190429688
"Jan 15, 2019",9.10216999053955,9.398980140686035,9.497920036315918,9.062600135803223
"Jan 16, 2019",9.478130340576172,9.151639938354492,9.557279586791992,9.151639938354492
"Jan 17, 2019",9.398980140686035,9.547380447387695,9.577070236206055,9.300040245056152
"Jan 18, 2019",9.488019943237305,9.448450088500977,9.537489891052246,9.329719543457031
"Jan 21, 2019",9.626529693603516,9.488019943237305,9.794730186462402,9.339619636535645
"Jan 22, 2019",9.547380447387695,9.666110038757324,9.873869895935059,9.527600288391113
"Jan 23, 2019",9.300040245056152,9.636429786682129,9.646320343017578,9.151639938354492
"Jan 24, 2019",9.557279586791992,9.379190444946289,9.646320343017578,9.260470390319824
"Jan 28, 2019",9.69579029083252,9.537489891052246,9.784830093383789,9.408869743347168
"Jan 29, 2019",9.844189643859863,9.715579986572266,9.863980293273926,9.705679893493652
"Jan 30, 2019",9.893659591674805,9.873869895935059,9.913450241088867,9.715579986572266
"Jan 31, 2019",9.814510345458984,9.933239936828613,10.170700073242188,9.745260238647461
"Feb 01, 2019",9.765049934387207,9.824410438537598,9.933239936828613,9.646320343017578
"Feb 04, 2019",9.814510345458984,9.804619789123535,10.279500007629395,9.675999641418457
"Feb 05, 2019",9.794730186462402,9.854089736938477,9.962920188903809,9.616640090942383
"Feb 06, 2019",9.745260238647461,9.943129539489746,10.042099952697754,9.745260238647461
"Feb 07, 2019",9.616640090942383,9.794730186462402,9.972809791564941,9.488019943237305
"Feb 08, 2019",9.992600440979004,9.745260238647461,10.121199607849121,9.646320343017578
"Feb 11, 2019",9.893659591674805,10.101400375366211,10.190500259399414,9.804619789123535
"Feb 12, 2019",10.487299919128418,10.052000045776367,10.517000198364258,9.893659591674805
"Feb 13, 2019",10.823699951171875,10.487299919128418,10.883000373840332,10.358699798583984
"Feb 14, 2019",11.021499633789062,10.883000373840332,11.021499633789062,10.605999946594238
"Feb 15, 2019",10.982000350952148,11.031399726867676,11.140299797058105,10.823699951171875
"Feb 18, 2019",10.833600044250488,11.071000099182129,11.071000099182129,10.685199737548828
"Feb 19, 2019",10.962200164794922,10.962200164794922,10.962200164794922,10.813799858093262
"Feb 20, 2019",10.744500160217285,11.01159954071045,11.071000099182129,10.665399551391602
"Feb 21, 2019",10.734600067138672,10.813799858093262,10.883000373840332,10.546600341796875
"Feb 22, 2019",10.744500160217285,10.625800132751465,10.833600044250488,10.625800132751465
"Feb 25, 2019",11.130399703979492,10.764300346374512,11.130399703979492,10.754400253295898
"Feb 26, 2019",11.526100158691406,11.120499610900879,11.575599670410156,11.110600471496582
"Feb 27, 2019",11.377699851989746,11.575599670410156,11.714099884033203,11.33810043334961
"Feb 28, 2019",11.47659969329834,11.773500442504883,11.78339958190918,11.229299545288086
"Mar 01, 2019",11.674500465393066,11.65470027923584,11.753700256347656,11.298600196838379
"Mar 07, 2019",11.258999824523926,11.595399856567383,11.61520004272461,11.258999824523926
"Mar 08, 2019",11.328200340270996,11.298600196838379,11.446999549865723,11.249099731445312
"Mar 11, 2019",11.47659969329834,11.328200340270996,11.61520004272461,11.328200340270996
"Mar 12, 2019",11.288700103759766,11.526100158691406,11.526100158691406,11.288700103759766
"Mar 13, 2019",11.516200065612793,11.35789966583252,11.545900344848633,11.268899917602539
"Mar 14, 2019",11.872400283813477,11.516200065612793,11.872400283813477,11.456899642944336
"Mar 15, 2019",12.16919994354248,11.921899795532227,12.189000129699707,11.902099609375
"Mar 18, 2019",11.981200218200684,12.268099784851074,12.347299575805664,11.921899795532227
"Mar 19, 2019",11.862500190734863,12.00100040435791,12.129599571228027,11.803099632263184
"Mar 20, 2019",11.723999977111816,11.911999702453613,11.97130012512207,11.65470027923584
"Mar 21, 2019",11.377699851989746,11.773500442504883,11.812999725341797,11.100700378417969
"Mar 22, 2019",10.982000350952148,11.140299797058105,11.46679973602295,10.902799606323242
"Mar 25, 2019",11.061100006103516,10.883000373840332,11.090800285339355,10.734600067138672
"Mar 26, 2019",11.061100006103516,11.169899940490723,11.219400405883789,10.883000373840332
"Mar 27, 2019",10.427900314331055,11.021499633789062,11.031399726867676,10.427900314331055
"Mar 28, 2019",10.873100280761719,10.447699546813965,10.873100280761719,10.447699546813965
"Mar 29, 2019",10.734600067138672,11.080900192260742,11.080900192260742,10.734600067138672
"Apr 01, 2019",10.982000350952148,10.883000373840332,11.031399726867676,10.655500411987305
"Apr 02, 2019",10.883000373840332,10.962200164794922,10.972100257873535,10.754400253295898
"Apr 03, 2019",10.793999671936035,10.982000350952148,11.100700378417969,10.536800384521484
"Apr 04, 2019",11.179800033569336,10.902799606323242,11.46679973602295,10.774200439453125
"Apr 05, 2019",11.723999977111816,11.308500289916992,11.82289981842041,11.160099983215332
"Apr 08, 2019",11.308500289916992,11.723999977111816,11.723999977111816,11.308500289916992
"Apr 09, 2019",10.784099578857422,11.229299545288086,11.229299545288086,10.784099578857422
"Apr 10, 2019",11.110600471496582,10.833600044250488,11.110600471496582,10.665399551391602
"Apr 11, 2019",10.784099578857422,11.100700378417969,11.100700378417969,10.774200439453125
"Apr 12, 2019",10.517000198364258,10.685199737548828,10.853300094604492,10.21030044555664
"Apr 15, 2019",10.784099578857422,10.536800384521484,10.863200187683105,10.536800384521484
"Apr 16, 2019",10.883000373840332,10.764300346374512,10.972100257873535,10.615900039672852
"Apr 17, 2019",10.932499885559082,10.972100257873535,10.972100257873535,10.576299667358398
"Apr 18, 2019",11.120499610900879,10.972100257873535,11.318300247192383,10.912699699401855
"Apr 22, 2019",11.249099731445312,11.120499610900879,11.456899642944336,11.090800285339355
"Apr 23, 2019",11.328200340270996,11.38759994506836,11.47659969329834,11.209500312805176
"Apr 24, 2019",10.982000350952148,11.318300247192383,11.427200317382812,10.892900466918945
"Apr 25, 2019",11.199600219726562,11.080900192260742,11.377699851989746,10.902799606323242
"Apr 26, 2019",11.625100135803223,11.288700103759766,11.723999977111816,11.288700103759766
"Apr 29, 2019",11.872400283813477,11.82289981842041,12.228599548339844,11.625100135803223
"Apr 30, 2019",11.862500190734863,12.16919994354248,12.16919994354248,11.446999549865723
"May 02, 2019",12.060400009155273,11.674500465393066,12.070300102233887,11.664600372314453
"May 03, 2019",11.921899795532227,12.109800338745117,12.16919994354248,11.78339958190918
"May 06, 2019",11.85260009765625,11.753700256347656,11.862500190734863,11.674500465393066
"May 07, 2019",11.575599670410156,11.872400283813477,11.872400283813477,11.47659969329834
"May 08, 2019",12.05049991607666,11.684399604797363,12.070300102233887,11.674500465393066
"May 09, 2019",11.902099609375,11.991100311279297,12.00100040435791,11.684399604797363
"May 10, 2019",11.714099884033203,11.93179988861084,12.02079963684082,11.595399856567383
"May 13, 2019",11.53600025177002,11.70419979095459,11.743800163269043,11.33810043334961
"May 14, 2019",11.575599670410156,11.664600372314453,11.714099884033203,11.278800010681152
"May 15, 2019",11.407400131225586,11.377699851989746,11.496399879455566,11.249099731445312
"May 16, 2019",11.298600196838379,11.377699851989746,11.61520004272461,11.130399703979492
"May 17, 2019",11.110600471496582,11.308500289916992,11.46679973602295,10.892900466918945
"May 20, 2019",11.229299545288086,10.982000350952148,11.298600196838379,10.982000350952148
"May 21, 2019",11.625100135803223,11.179800033569336,11.73390007019043,11.179800033569336
"May 22, 2019",11.61520004272461,11.743800163269043,11.921899795532227,11.427200317382812
"May 23, 2019",11.625100135803223,11.605299949645996,11.625100135803223,11.318300247192383
"May 24, 2019",11.61520004272461,11.625100135803223,11.684399604797363,11.50629997253418
"May 27, 2019",11.58549976348877,11.714099884033203,11.872400283813477,11.58549976348877
"May 28, 2019",12.010899543762207,11.674500465393066,12.010899543762207,11.61520004272461
"May 29, 2019",12.307700157165527,11.97130012512207,12.36709976196289,11.832799911499023
"May 30, 2019",12.634200096130371,12.36709976196289,12.832099914550781,12.36709976196289
"May 31, 2019",12.614399909973145,12.5649995803833,12.762800216674805,12.406700134277344
"Jun 03, 2019",13.039799690246582,12.713399887084961,13.128899574279785,12.713399887084961
"Jun 04, 2019",13.307000160217285,13.178400039672852,13.485099792480469,13.000300407409668
"Jun 05, 2019",13.158599853515625,13.485099792480469,13.514699935913086,13.119000434875488
"Jun 06, 2019",13.633500099182129,13.307000160217285,13.791799545288086,13.257499694824219
"Jun 07, 2019",13.781900405883789,13.702699661254883,14.029199600219727,13.57409954071045
"Jun 10, 2019",13.72249984741211,13.781900405883789,13.979700088500977,13.5246000289917
"Jun 11, 2019",13.455400466918945,13.851099967956543,13.851099967956543,13.326800346374512
"Jun 12, 2019",13.208000183105469,13.415800094604492,13.603799819946289,13.138799667358398
"Jun 13, 2019",13.564200401306152,13.307000160217285,13.564200401306152,13.198100090026855
"Jun 14, 2019",13.75220012664795,13.603799819946289,14.01930046081543,13.603799819946289
"Jun 17, 2019",13.603799819946289,13.84119987487793,13.90060043334961,13.534500122070312
"Jun 18, 2019",13.75220012664795,13.75220012664795,13.851099967956543,13.633500099182129
"Jun 19, 2019",14.167699813842773,13.75220012664795,14.35569953918457,13.732399940490723
"Jun 21, 2019",14.167699813842773,14.395299911499023,14.464500427246094,14.058899879455566
"Jun 24, 2019",14.38539981842041,14.227100372314453,14.395299911499023,14.167699813842773
"Jun 25, 2019",14.009400367736816,14.38539981842041,14.494199752807617,13.930299758911133
"Jun 26, 2019",14.088600158691406,14.147899627685547,14.35569953918457,13.95009994506836
"Jun 27, 2019",14.237000465393066,14.15779972076416,14.286399841308594,13.969900131225586
"Jun 28, 2019",14.741600036621094,14.395299911499023,15.048299789428711,14.15779972076416
"Jul 01, 2019",14.662400245666504,14.38539981842041,14.692099571228027,14.38539981842041
"Jul 02, 2019",14.494199752807617,14.543700218200684,14.791000366210938,14.345800399780273
"Jul 03, 2019",15.038399696350098,14.741600036621094,15.067999839782715,14.642600059509277
"Jul 04, 2019",15.552800178527832,15.048299789428711,15.592399597167969,15.038399696350098
"Jul 05, 2019",15.829899787902832,15.592399597167969,15.918899536132812,15.394499778747559
"Jul 08, 2019",16.275100708007812,15.829899787902832,16.314599990844727,15.829899787902832
"Jul 10, 2019",15.968400001525879,16.80929946899414,17.017099380493164,15.918899536132812
"Jul 11, 2019",16.789499282836914,16.077199935913086,16.789499282836914,15.622099876403809
"Jul 12, 2019",16.29490089416504,17.017099380493164,17.145700454711914,16.11680030822754
"Jul 15, 2019",16.450000762939453,16.479999542236328,16.700000762939453,15.869999885559082
"Jul 16, 2019",17.520000457763672,16.3700008392334,17.639999389648438,16.34000015258789
"Jul 17, 2019",17.229999542236328,17.760000228881836,17.8700008392334,17.020000457763672
"Jul 18, 2019",17.170000076293945,17.420000076293945,17.540000915527344,17.0
"Jul 19, 2019",16.75,17.219999313354492,17.40999984741211,16.729999542236328
"Jul 22, 2019",16.270000457763672,16.770000457763672,16.969999313354492,16.25
"Jul 23, 2019",16.399999618530273,16.149999618530273,16.790000915527344,16.149999618530273
"Jul 24, 2019",16.06999969482422,16.350000381469727,16.790000915527344,16.06999969482422
"Jul 25, 2019",15.6899995803833,16.260000228881836,16.459999084472656,15.65999984741211
"Jul 26, 2019",15.640000343322754,15.649999618530273,15.850000381469727,14.859999656677246
"Jul 29, 2019",15.390000343322754,15.5,15.75,15.149999618530273
"Jul 30, 2019",14.899999618530273,15.5,15.579999923706055,14.899999618530273
"Jul 31, 2019",14.930000305175781,15.039999961853027,15.140000343322754,14.739999771118164
"Aug 01, 2019",14.970000267028809,15.229999542236328,15.520000457763672,14.970000267028809
"Aug 02, 2019",15.859999656677246,15.460000038146973,15.890000343322754,15.220000267028809
"Aug 05, 2019",15.430000305175781,15.609999656677246,15.850000381469727,15.149999618530273
"Aug 06, 2019",16.450000762939453,15.630000114440918,16.469999313354492,15.59000015258789
"Aug 07, 2019",16.690000534057617,16.299999237060547,16.690000534057617,15.90999984741211
"Aug 08, 2019",16.899999618530273,16.690000534057617,17.0,16.6299991607666
"Aug 09, 2019",16.690000534057617,16.799999237060547,16.899999618530273,16.3700008392334
"Aug 12, 2019",16.309999465942383,16.690000534057617,16.690000534057617,16.239999771118164
"Aug 13, 2019",17.049999237060547,16.31999969482422,17.139999389648438,16.200000762939453
"Aug 14, 2019",16.0,16.760000228881836,16.790000915527344,15.729999542236328
"Aug 15, 2019",15.0,16.25,16.399999618530273,14.920000076293945
"Aug 16, 2019",15.390000343322754,15.300000190734863,15.550000190734863,14.680000305175781
"Aug 19, 2019",15.119999885559082,15.520000457763672,15.760000228881836,14.979999542236328
"Aug 20, 2019",15.100000381469727,15.140000343322754,15.229999542236328,14.5
"Aug 21, 2019",15.420000076293945,15.25,15.5,15.050000190734863
"Aug 22, 2019",15.100000381469727,15.5,15.600000381469727,14.960000038146973
"Aug 23, 2019",14.5,15.020000457763672,15.319999694824219,14.319999694824219
"Aug 26, 2019",14.010000228881836,14.569999694824219,14.699999809265137,13.850000381469727
"Aug 27, 2019",14.59000015258789,14.199999809265137,14.59000015258789,13.920000076293945
"Aug 28, 2019",15.0,14.460000038146973,15.029999732971191,14.329999923706055
"Aug 29, 2019",15.180000305175781,15.1899995803833,15.369999885559082,14.920000076293945
"Aug 30, 2019",15.470000267028809,15.380000114440918,15.470000267028809,15.050000190734863
"Sep 02, 2019",15.569999694824219,15.399999618530273,15.630000114440918,15.289999961853027
"Sep 03, 2019",15.5,15.640000343322754,15.869999885559082,15.180000305175781
"Sep 04, 2019",15.25,15.649999618530273,15.739999771118164,15.25
"Sep 05, 2019",15.989999771118164,15.600000381469727,16.190000534057617,15.449999809265137
"Sep 06, 2019",15.640000343322754,16.049999237060547,16.1200008392334,15.569999694824219
"Sep 09, 2019",15.300000190734863,15.84000015258789,15.920000076293945,15.039999961853027
"Sep 10, 2019",15.5,15.3100004196167,15.550000190734863,14.930000305175781
"Sep 11, 2019",16.0,15.579999923706055,16.1299991607666,15.579999923706055
"Sep 12, 2019",15.899999618530273,16.020000457763672,16.25,15.899999618530273
"Sep 13, 2019",15.649999618530273,15.90999984741211,16.020000457763672,15.40999984741211
"Sep 16, 2019",15.789999961853027,15.5,15.789999961853027,15.149999618530273
"Sep 17, 2019",15.9399995803833,15.649999618530273,16.100000381469727,15.600000381469727
"Sep 18, 2019",15.90999984741211,16.06999969482422,16.06999969482422,15.75
"Sep 19, 2019",16.34000015258789,16.0,16.399999618530273,16.0
"Sep 20, 2019",15.670000076293945,16.440000534057617,16.610000610351562,15.670000076293945
"Sep 23, 2019",15.3100004196167,15.65999984741211,15.670000076293945,15.140000343322754
"Sep 24, 2019",15.609999656677246,15.470000267028809,15.609999656677246,15.180000305175781
"Sep 25, 2019",15.65999984741211,15.550000190734863,15.65999984741211,15.270000457763672
"Sep 26, 2019",15.479999542236328,15.649999618530273,15.729999542236328,15.359999656677246
"Sep 27, 2019",15.140000343322754,15.420000076293945,15.600000381469727,15.140000343322754
"Sep 30, 2019",15.399999618530273,15.09000015258789,15.399999618530273,15.069999694824219
"Oct 01, 2019",15.399999618530273,15.4399995803833,15.59000015258789,15.220000267028809
"Oct 02, 2019",14.649999618530273,15.25,15.25,14.600000381469727
"Oct 03, 2019",14.789999961853027,14.640000343322754,14.819999694824219,14.399999618530273
"Oct 04, 2019",14.970000267028809,14.789999961853027,14.970000267028809,14.600000381469727
"Oct 07, 2019",14.619999885559082,14.970000267028809,14.970000267028809,14.479999542236328
"Oct 08, 2019",14.449999809265137,14.59000015258789,14.640000343322754,14.319999694824219
"Oct 09, 2019",14.529999732971191,14.600000381469727,14.670000076293945,14.4399995803833
"Oct 10, 2019",14.5,14.569999694824219,14.649999618530273,14.319999694824219
"Oct 11, 2019",14.960000038146973,14.550000190734863,15.079999923706055,14.5
"Oct 14, 2019",15.069999694824219,15.0,15.069999694824219,14.800000190734863
"Oct 15, 2019",15.079999923706055,15.079999923706055,15.1899995803833,14.859999656677246
"Oct 16, 2019",15.010000228881836,15.149999618530273,15.149999618530273,14.630000114440918
"Oct 17, 2019",14.8100004196167,15.0,15.170000076293945,14.729999542236328
"Oct 18, 2019",15.010000228881836,14.880000114440918,15.039999961853027,14.789999961853027
"Oct 21, 2019",15.140000343322754,15.079999923706055,15.239999771118164,14.880000114440918
"Oct 22, 2019",15.649999618530273,15.0600004196167,15.770000457763672,15.0600004196167
"Oct 23, 2019",15.5600004196167,15.65999984741211,15.729999542236328,15.34000015258789
"Oct 24, 2019",14.920000076293945,15.289999961853027,15.449999809265137,14.75
"Oct 25, 2019",15.149999618530273,15.0,15.399999618530273,14.930000305175781
"Oct 28, 2019",15.119999885559082,15.220000267028809,15.380000114440918,14.930000305175781
"Oct 29, 2019",14.920000076293945,15.029999732971191,15.149999618530273,14.899999618530273
"Oct 30, 2019",15.380000114440918,15.029999732971191,15.380000114440918,14.760000228881836
"Oct 31, 2019",15.050000190734863,15.300000190734863,15.34000015258789,15.010000228881836
"Nov 01, 2019",15.149999618530273,15.100000381469727,15.279999732971191,14.90999984741211
"Nov 04, 2019",15.300000190734863,15.180000305175781,15.449999809265137,15.149999618530273
"Nov 05, 2019",15.260000228881836,15.390000343322754,15.399999618530273,15.149999618530273
"Nov 06, 2019",15.680000305175781,15.300000190734863,15.720000267028809,15.300000190734863
"Nov 07, 2019",16.290000915527344,16.229999542236328,16.469999313354492,16.110000610351562
"Nov 08, 2019",15.859999656677246,16.139999389648438,16.360000610351562,15.649999618530273
"Nov 11, 2019",15.8100004196167,15.859999656677246,16.030000686645508,15.569999694824219
"Nov 12, 2019",15.390000343322754,15.800000190734863,15.899999618530273,15.260000228881836
"Nov 13, 2019",15.699999809265137,15.399999618530273,15.869999885559082,15.270000457763672
"Nov 14, 2019",16.389999389648438,15.720000267028809,16.389999389648438,15.720000267028809
"Nov 18, 2019",16.579999923706055,16.399999618530273,16.739999771118164,16.15999984741211
"Nov 19, 2019",16.579999923706055,16.469999313354492,16.739999771118164,16.229999542236328
"Nov 21, 2019",16.940000534057617,16.5,16.940000534057617,16.40999984741211
"Nov 22, 2019",16.829999923706055,16.899999618530273,17.0,16.700000762939453
"Nov 25, 2019",16.75,16.940000534057617,17.1299991607666,16.719999313354492
"Nov 26, 2019",16.950000762939453,16.75,16.950000762939453,16.420000076293945
"Nov 27, 2019",16.610000610351562,16.899999618530273,17.0,16.510000228881836
"Nov 28, 2019",16.850000381469727,16.5,17.0,16.450000762939453
"Nov 29, 2019",16.5,16.56999969482422,16.690000534057617,16.25
"Dec 02, 2019",16.6299991607666,16.709999084472656,16.850000381469727,16.5
"Dec 03, 2019",16.90999984741211,16.6200008392334,17.0,16.6200008392334
"Dec 04, 2019",17.010000228881836,17.0,17.40999984741211,16.8799991607666
"Dec 05, 2019",17.0,17.049999237060547,17.170000076293945,16.850000381469727
"Dec 06, 2019",17.100000381469727,17.0,17.1299991607666,16.860000610351562
"Dec 09, 2019",17.0,17.100000381469727,17.25,16.799999237060547
"Dec 10, 2019",17.09000015258789,17.0,17.1200008392334,16.739999771118164
"Dec 11, 2019",16.920000076293945,17.09000015258789,17.100000381469727,16.920000076293945
"Dec 12, 2019",17.09000015258789,17.020000457763672,17.1299991607666,16.860000610351562
"Dec 13, 2019",17.549999237060547,17.049999237060547,17.760000228881836,17.049999237060547
"Dec 16, 2019",17.899999618530273,17.799999237060547,18.049999237060547,17.670000076293945
"Dec 17, 2019",17.760000228881836,17.8799991607666,18.18000030517578,17.459999084472656
"Dec 18, 2019",18.489999771118164,17.790000915527344,18.600000381469727,17.780000686645508
"Dec 19, 2019",18.6299991607666,18.5,18.670000076293945,18.149999618530273
"Dec 20, 2019",18.700000762939453,18.670000076293945,18.780000686645508,18.299999237060547
"Dec 23, 2019",18.989999771118164,18.780000686645508,19.040000915527344,18.579999923706055
"Dec 26, 2019",19.149999618530273,19.040000915527344,19.299999237060547,18.979999542236328
"Dec 27, 2019",19.1200008392334,19.139999389648438,19.209999084472656,18.690000534057617
"Dec 30, 2019",19.1200008392334,19.010000228881836,19.200000762939453,18.8799991607666
"Jan 02, 2020",19.579999923706055,19.18000030517578,19.65999984741211,19.110000610351562
"Jan 03, 2020",20.100000381469727,19.299999237060547,20.200000762939453,18.6200008392334
"Jan 06, 2020",20.040000915527344,19.850000381469727,20.18000030517578,19.43000030517578
"Jan 07, 2020",20.0,20.0,20.200000762939453,19.729999542236328
"Jan 08, 2020",20.100000381469727,19.899999618530273,20.239999771118164,19.799999237060547
"Jan 09, 2020",20.3799991607666,20.15999984741211,20.639999389648438,20.0
"Jan 10, 2020",20.329999923706055,20.450000762939453,20.81999969482422,20.209999084472656
"Jan 13, 2020",20.549999237060547,20.43000030517578,20.700000762939453,20.15999984741211
"Jan 14, 2020",20.649999618530273,20.5,20.690000534057617,20.350000381469727
"Jan 15, 2020",20.6200008392334,20.700000762939453,20.959999084472656,20.020000457763672
"Jan 16, 2020",20.459999084472656,20.729999542236328,20.770000457763672,20.25
"Jan 17, 2020",20.6299991607666,20.459999084472656,20.690000534057617,20.260000228881836
"Jan 20, 2020",20.860000610351562,20.700000762939453,20.860000610351562,20.450000762939453
"Jan 21, 2020",20.93000030517578,20.799999237060547,21.34000015258789,20.639999389648438
"Jan 22, 2020",20.81999969482422,21.190000534057617,21.200000762939453,20.579999923706055
"Jan 23, 2020",21.399999618530273,20.81999969482422,21.510000228881836,20.389999389648438
"Jan 24, 2020",21.399999618530273,21.399999618530273,21.6200008392334,21.06999969482422
"Jan 27, 2020",20.889999389648438,20.600000381469727,21.06999969482422,20.190000534057617
"Jan 28, 2020",21.309999465942383,20.649999618530273,21.579999923706055,20.600000381469727
"Jan 29, 2020",21.209999084472656,21.510000228881836,21.790000915527344,21.209999084472656
"Jan 30, 2020",21.440000534057617,20.950000762939453,21.440000534057617,20.260000228881836
"Jan 31, 2020",21.049999237060547,21.209999084472656,21.40999984741211,20.959999084472656
"Feb 03, 2020",21.780000686645508,20.979999542236328,22.0,20.84000015258789
"Feb 04, 2020",21.719999313354492,22.059999465942383,22.559999465942383,21.719999313354492
"Feb 05, 2020",22.200000762939453,22.049999237060547,22.5,21.829999923706055
"Feb 06, 2020",21.530000686645508,22.299999237060547,22.549999237060547,21.360000610351562
"Feb 07, 2020",20.829999923706055,21.239999771118164,21.549999237060547,20.600000381469727
"Feb 10, 2020",20.110000610351562,20.75,20.8700008392334,20.0
"Feb 11, 2020",21.079999923706055,20.350000381469727,21.100000381469727,20.280000686645508
"Feb 12, 2020",21.389999389648438,21.170000076293945,21.84000015258789,20.760000228881836
"Feb 13, 2020",21.299999237060547,21.25,21.450000762939453,20.760000228881836
"Feb 14, 2020",21.520000457763672,21.350000381469727,21.81999969482422,21.299999237060547
"Feb 17, 2020",21.760000228881836,21.5,22.09000015258789,21.5
"Feb 18, 2020",22.100000381469727,21.700000762939453,22.219999313354492,21.420000076293945
"Feb 19, 2020",22.489999771118164,22.200000762939453,22.489999771118164,21.989999771118164
"Feb 20, 2020",21.760000228881836,22.5,22.530000686645508,21.649999618530273
"Feb 21, 2020",21.709999084472656,21.649999618530273,21.959999084472656,21.299999237060547
"Feb 27, 2020",18.239999771118164,19.399999618530273,19.56999969482422,18.239999771118164
"Feb 28, 2020",18.0,18.100000381469727,18.350000381469727,17.299999237060547
"Mar 02, 2020",18.829999923706055,18.110000610351562,19.25,18.100000381469727
"Mar 03, 2020",18.299999237060547,18.93000030517578,19.360000610351562,18.25
"Mar 04, 2020",19.09000015258789,18.850000381469727,19.09000015258789,18.459999084472656
"Mar 05, 2020",17.549999237060547,18.940000534057617,18.940000534057617,17.049999237060547
"Mar 06, 2020",16.420000076293945,16.899999618530273,17.0,16.229999542236328
"Mar 09, 2020",13.899999618530273,14.75,14.819999694824219,13.210000038146973
"Mar 10, 2020",15.90999984741211,15.699999809265137,16.309999465942383,14.770000457763672
"Mar 11, 2020",15.449999809265137,15.800000190734863,16.850000381469727,14.470000267028809
"Mar 12, 2020",12.869999885559082,13.399999618530273,13.890000343322754,12.520000457763672
"Mar 13, 2020",14.800000190734863,15.5,15.899999618530273,13.0
"Mar 16, 2020",12.010000228881836,12.970000267028809,13.229999542236328,11.680000305175781
"Mar 17, 2020",11.350000381469727,12.300000190734863,12.600000381469727,11.130000114440918
"Mar 18, 2020",8.899999618530273,10.520000457763672,10.6899995803833,7.800000190734863
"Mar 19, 2020",9.300000190734863,8.350000381469727,9.609999656677246,7.519999980926514
"Mar 20, 2020",9.0,9.989999771118164,10.029999732971191,8.65999984741211
"Mar 23, 2020",7.710000038146973,8.989999771118164,8.989999771118164,7.25
"Mar 24, 2020",8.329999923706055,8.489999771118164,8.640000343322754,7.929999828338623
"Mar 25, 2020",9.75,8.430000305175781,10.109999656677246,8.350000381469727
"Mar 26, 2020",9.960000038146973,9.539999961853027,10.9399995803833,9.529999732971191
"Mar 27, 2020",9.670000076293945,9.5,10.300000190734863,9.229999542236328
"Mar 30, 2020",8.800000190734863,9.899999618530273,10.079999923706055,8.630000114440918
"Mar 31, 2020",8.09000015258789,8.819999694824219,8.899999618530273,7.940000057220459
"Apr 01, 2020",7.880000114440918,7.829999923706055,8.229999542236328,7.400000095367432
"Apr 02, 2020",7.800000190734863,8.010000228881836,8.130000114440918,7.519999980926514
"Apr 03, 2020",7.789999961853027,7.849999904632568,7.860000133514404,7.070000171661377
"Apr 06, 2020",8.619999885559082,8.1899995803833,9.140000343322754,7.96999979019165
"Apr 07, 2020",8.949999809265137,9.300000190734863,9.619999885559082,8.8100004196167
"Apr 08, 2020",9.710000038146973,8.949999809265137,10.210000038146973,8.8100004196167
"Apr 09, 2020",9.859999656677246,10.0,10.289999961853027,9.5600004196167
"Apr 13, 2020",9.649999618530273,9.800000190734863,10.0,9.40999984741211
"Apr 14, 2020",9.920000076293945,9.84000015258789,10.1899995803833,9.720000267028809
"Apr 15, 2020",9.970000267028809,9.649999618530273,10.470000267028809,9.460000038146973
"Apr 16, 2020",9.920000076293945,10.199999809265137,10.399999618530273,9.75
"Apr 17, 2020",10.180000305175781,10.289999961853027,10.359999656677246,10.029999732971191
"Apr 20, 2020",10.739999771118164,9.989999771118164,10.789999961853027,9.869999885559082
"Apr 22, 2020",11.680000305175781,10.850000381469727,11.75,10.8100004196167
"Apr 23, 2020",11.350000381469727,12.0,12.449999809265137,11.050000190734863
"Apr 24, 2020",10.029999732971191,11.079999923706055,11.119999885559082,9.619999885559082
"Apr 27, 2020",10.760000228881836,10.510000228881836,10.84000015258789,10.229999542236328
"Apr 28, 2020",11.380000114440918,11.140000343322754,11.380000114440918,10.670000076293945
"Apr 29, 2020",11.380000114440918,11.699999809265137,11.739999771118164,11.149999618530273
"Apr 30, 2020",10.800000190734863,11.050000190734863,11.350000381469727,10.720000267028809
"May 04, 2020",10.539999961853027,10.319999694824219,10.65999984741211,10.079999923706055
"May 05, 2020",10.399999618530273,10.800000190734863,10.850000381469727,10.329999923706055
"May 06, 2020",10.0,10.329999923706055,10.529999732971191,9.890000343322754
"May 07, 2020",9.380000114440918,10.199999809265137,10.199999809265137,9.350000381469727
"May 08, 2020",9.390000343322754,9.489999771118164,9.649999618530273,9.170000076293945
"May 11, 2020",8.979999542236328,9.350000381469727,9.479999542236328,8.899999618530273
"May 12, 2020",8.880000114440918,9.069999694824219,9.5,8.710000038146973
"May 13, 2020",8.5,8.9399995803833,9.050000190734863,8.329999923706055
"May 14, 2020",9.279999732971191,8.649999618530273,9.279999732971191,8.3100004196167
"May 15, 2020",9.369999885559082,9.199999809265137,9.609999656677246,8.8100004196167
"May 18, 2020",10.199999809265137,9.699999809265137,10.220000267028809,9.539999961853027
"May 19, 2020",10.279999732971191,10.109999656677246,10.399999618530273,9.859999656677246
"May 20, 2020",10.210000038146973,10.279999732971191,10.550000190734863,10.180000305175781
"May 21, 2020",10.5,10.210000038146973,10.949999809265137,10.210000038146973
"May 22, 2020",10.510000228881836,10.4399995803833,10.640000343322754,10.210000038146973
"May 25, 2020",10.609999656677246,10.6899995803833,11.199999809265137,10.609999656677246
"May 26, 2020",10.470000267028809,10.869999885559082,11.100000381469727,10.460000038146973
"May 27, 2020",11.5,10.699999809265137,11.649999618530273,10.619999885559082
"May 28, 2020",11.319999694824219,11.489999771118164,11.550000190734863,11.050000190734863
"May 29, 2020",11.149999618530273,11.300000190734863,11.4399995803833,10.829999923706055
"Jun 01, 2020",11.75,11.180000305175781,11.850000381469727,11.180000305175781
"Jun 02, 2020",12.050000190734863,11.989999771118164,12.109999656677246,11.720000267028809
"Jun 03, 2020",13.100000381469727,12.359999656677246,13.350000381469727,12.350000381469727
"Jun 04, 2020",13.100000381469727,12.979999542236328,13.59000015258789,12.619999885559082
"Jun 05, 2020",13.75,13.59000015258789,14.170000076293945,12.859999656677246
"Jun 08, 2020",14.890000343322754,14.180000305175781,15.140000343322754,14.010000228881836
"Jun 09, 2020",14.460000038146973,14.5,14.75,14.180000305175781
"Jun 10, 2020",13.4399995803833,14.800000190734863,14.880000114440918,13.380000114440918
"Jun 12, 2020",12.869999885559082,12.710000038146973,13.489999771118164,12.460000038146973
"Jun 15, 2020",12.970000267028809,12.350000381469727,12.970000267028809,12.109999656677246
"Jun 16, 2020",12.850000381469727,13.829999923706055,13.869999885559082,12.609999656677246
"Jun 17, 2020",13.210000038146973,12.920000076293945,13.3100004196167,12.609999656677246
"Jun 18, 2020",13.369999885559082,13.100000381469727,13.5,12.920000076293945
"Jun 19, 2020",13.600000381469727,13.5,13.670000076293945,13.170000076293945
"Jun 22, 2020",13.220000267028809,13.649999618530273,13.699999809265137,13.170000076293945
"Jun 23, 2020",13.489999771118164,13.569999694824219,13.59000015258789,13.319999694824219
"Jun 24, 2020",13.050000190734863,13.350000381469727,13.569999694824219,12.720000267028809
"Jun 25, 2020",13.109999656677246,12.989999771118164,13.270000457763672,12.789999961853027
"Jun 26, 2020",12.819999694824219,13.140000343322754,13.220000267028809,12.640000343322754
"Jun 29, 2020",12.640000343322754,12.899999618530273,12.920000076293945,12.40999984741211
"Jun 30, 2020",13.149999618530273,12.579999923706055,13.260000228881836,12.520000457763672
"Jul 01, 2020",14.170000076293945,13.550000190734863,14.399999618530273,13.300000190734863
"Jul 02, 2020",14.050000190734863,14.550000190734863,14.670000076293945,13.880000114440918
"Jul 03, 2020",14.350000381469727,14.039999961853027,14.430000305175781,13.789999961853027
"Jul 06, 2020",15.3100004196167,14.649999618530273,15.489999771118164,14.59000015258789
"Jul 07, 2020",15.5600004196167,15.300000190734863,15.930000305175781,14.930000305175781
"Jul 08, 2020",15.489999771118164,15.720000267028809,15.8100004196167,15.359999656677246
"Jul 09, 2020",15.3100004196167,15.550000190734863,15.720000267028809,15.170000076293945
"Jul 10, 2020",15.479999542236328,15.369999885559082,15.65999984741211,15.239999771118164
"Jul 13, 2020",15.010000228881836,15.640000343322754,16.0,14.9399995803833
"Jul 14, 2020",15.569999694824219,15.050000190734863,15.619999885559082,14.9399995803833
"Jul 15, 2020",15.390000343322754,15.800000190734863,15.800000190734863,15.319999694824219
"Jul 16, 2020",15.100000381469727,15.3100004196167,15.510000228881836,15.050000190734863
"Jul 17, 2020",15.539999961853027,15.130000114440918,15.59000015258789,15.100000381469727
"Jul 20, 2020",16.15999984741211,15.609999656677246,16.350000381469727,15.609999656677246
"Jul 21, 2020",16.139999389648438,16.329999923706055,16.579999923706055,15.880000114440918
"Jul 22, 2020",15.760000228881836,16.280000686645508,16.280000686645508,15.510000228881836
"Jul 23, 2020",15.930000305175781,16.25,16.829999923706055,15.699999809265137
"Jul 24, 2020",15.75,15.75,15.869999885559082,15.15999984741211
"Jul 27, 2020",15.829999923706055,15.850000381469727,16.190000534057617,15.680000305175781
"Jul 28, 2020",15.630000114440918,15.819999694824219,15.829999923706055,15.449999809265137
"Jul 29, 2020",15.800000190734863,15.819999694824219,16.100000381469727,15.630000114440918
"Jul 30, 2020",16.920000076293945,15.800000190734863,16.93000030517578,15.789999961853027
"Jul 31, 2020",16.649999618530273,16.899999618530273,17.100000381469727,16.329999923706055
"Aug 03, 2020",16.59000015258789,16.760000228881836,16.809999465942383,16.299999237060547
"Aug 04, 2020",16.209999084472656,16.309999465942383,16.739999771118164,16.059999465942383
"Aug 05, 2020",16.600000381469727,16.43000030517578,16.649999618530273,15.920000076293945
"Aug 06, 2020",17.149999618530273,16.799999237060547,17.350000381469727,16.520000457763672
"Aug 07, 2020",17.15999984741211,17.049999237060547,17.40999984741211,16.700000762939453
